{
    "title": "Snap.svg",
    "output": "doc/reference.html",
    "template": "template.dot",
    "files": [{
        "url": "src/svg.js",
        "link": "https://github.com/adobe-webplatform/Snap.svg/blob/master/src/svg.js"
    }, {
        "url": "src/element.js",
        "link": "https://github.com/adobe-webplatform/Snap.svg/blob/master/src/element.js"
    }, {
        "url": "src/matrix.js",
        "link": "https://github.com/adobe-webplatform/Snap.svg/blob/master/src/matrix.js"
    }, {
        "url": "src/paper.js",
        "link": "https://github.com/adobe-webplatform/Snap.svg/blob/master/src/paper.js"
    }, {
        "url": "src/class.js",
        "link": "https://github.com/adobe-webplatform/Snap.svg/blob/master/src/class.js"
    }, {
        "url": "src/equal.js",
        "link": "https://github.com/adobe-webplatform/Snap.svg/blob/master/src/equal.js"
    }, {
        "url": "src/mina.js",
        "link": "https://github.com/adobe-webplatform/Snap.svg/blob/master/src/mina.js"
    }, {
        "url": "src/filter.js",
        "link": "https://github.com/adobe-webplatform/Snap.svg/blob/master/src/filter.js"
    }, {
        "url": "src/mouse.js",
        "link": "https://github.com/adobe-webplatform/Snap.svg/blob/master/src/mouse.js"
    }, {
        "url": "src/path.js",
        "link": "https://github.com/adobe-webplatform/Snap.svg/blob/master/src/path.js"
    }, {
        "url": "src/set.js",
        "link": "https://github.com/adobe-webplatform/Snap.svg/blob/master/src/set.js"
    }]
}
